name,username,credit_card,credit_card_expire,birthdate,gender
Aaron Walters,aaron_walters,3518555618106845,05/30,1987-05-02,M
Adam Jacobson,adam_jacobson,4860066235418151,09/27,2002-03-02,M
Alex Schroeder,alex_schroeder,180040243388624,04/25,1987-09-08,M
Alexander Garcia,alexander_garcia,4753108532474,01/28,1981-03-06,M
Alicia Mcintosh,alicia_mcintosh,2229389977843521,10/26,1977-09-02,F
Alison Brown,alison_brown,2712804536232945,11/26,1979-09-16,F
Allison Mcbride,allison_mcbride,4147365965454278,10/23,1984-11-02,F
Alyssa Williams,alyssa_williams,5300066756063449,07/24,1987-06-25,F
Amanda Gonzalez,amanda_gonzalez,372144660853637,05/22,2002-03-17,F
Amanda Jones,amanda_jones,30396934005873,05/28,1967-01-11,F
Amy Gordon,amy_gordon,4192205151350977,06/24,1999-02-18,F
Amy Herrera,amy_herrera,"4,54348803939444E+018",02/28,1985-07-28,F
Angela Fisher,angela_fisher,180041261978916,09/25,1965-09-01,F
Annette Johnson,annette_johnson,6011020149882203,08/25,1995-12-01,F
Antonio Pearson,antonio_pearson,3515912650827346,12/23,1983-02-01,M
Ashley Gallagher,ashley_gallagher,30056148887652,11/27,2000-05-05,F
Ashley Navarro,ashley_navarro,2702209876617121,07/28,1967-05-05,F
Ashley Tanner,ashley_tanner,213157815425468,08/29,1995-11-05,F
Barbara Lewis,barbara_lewis,3567334775995949,10/29,1976-06-18,F
Barbara Rodriguez,barbara_rodriguez,3534257265405212,02/24,1995-10-07,F
Benjamin Cordova,benjamin_cordova,675901773811,04/22,1973-07-13,M
Brandon Barnes,brandon_barnes,3515935930762702,11/27,1970-05-09,M
Brandon Stevenson,brandon_stevenson,6502657102693717,09/30,1978-07-10,M
Brandy Barker,brandy_barker,4656421146874,07/25,2002-04-04,F
Brandy Smith,brandy_smith,36390187735496,07/25,1980-09-18,F
Brenda Smith,brenda_smith,213166436994430,04/27,1966-02-26,F
Brian Perez,brian_perez,180054815309918,07/29,1976-06-19,M
Brian Stanley,brian_stanley,4172605598668440,03/24,2001-02-07,M
Brittany Adkins,brittany_adkins,676168758933,04/23,1985-05-11,F
Brittany Williams,brittany_williams,180031020993702,01/27,2002-02-01,F
Bryan Pruitt,bryan_pruitt,213181067452426,03/23,2002-11-28,M
Carla Hahn,carla_hahn,4567631490945762,10/28,1979-02-20,F
Carrie Hopkins,carrie_hopkins,376083352347910,02/24,1990-04-09,F
Casey Kline,casey_kline,2249971494941536,01/24,1999-08-22,F
Charles Bailey,charles_bailey,"4,7686534030178E+018",11/29,1970-10-22,M
Christina Martin,christina_martin,4004637244714,08/22,1993-06-01,F
Christine Wilkins,christine_wilkins,376380594139000,02/30,1990-05-02,F
Christopher Colon,christopher_colon,3522237789248862,01/30,2002-10-21,M
Christopher Davis,christopher_davis,4337033104603227,03/30,1994-04-17,M
Christopher Roach Jr.,christopher_roach_jr.,30424990016319,04/22,1977-03-30,M
Christopher Robertson,christopher_robertson,3569827414604366,10/24,1992-11-24,M
Christopher Stewart,christopher_stewart,639078932287,07/26,1973-12-26,M
Cole Guerrero,cole_guerrero,3504633438828728,01/28,1976-02-20,M
Courtney Ramirez,courtney_ramirez,4585896501109,09/29,1997-03-02,F
Crystal Clarke,crystal_clarke,372980484058659,11/26,1970-09-12,F
Dana Carter,dana_carter,373069524337023,08/27,1992-03-13,F
Daniel Washington,daniel_washington,6505704300563123,06/25,1994-06-10,M
Daniel Whitaker,daniel_whitaker,6011649512587013,05/27,2002-05-17,M
Danielle Clark,danielle_clark,30445269438462,09/25,1986-01-05,F
Danielle Francis,danielle_francis,213153041755794,06/25,1998-08-03,F
David Hernandez,david_hernandez,"4,93963508102739E+018",05/30,1981-08-12,M
David Kelley,david_kelley,213120661038025,01/30,2000-11-02,M
Debra Brooks,debra_brooks,2641315207206874,03/30,1994-04-13,F
Denise Ali,denise_ali,6011397955220789,07/22,1991-11-25,F
Derek Martinez,derek_martinez,3534010094212360,09/28,1974-03-13,M
Diane Hughes,diane_hughes,3574160488295314,04/23,1986-02-13,F
Donald Brandt,donald_brandt,340016022275932,01/25,1983-10-06,M
Donald Sanders,donald_sanders,180087607725503,02/22,1992-09-12,M
Donald Taylor,donald_taylor,213155787817647,10/23,1994-02-09,M
Douglas Williams,douglas_williams,30082439763576,08/25,1999-02-10,M
Drew Fernandez,drew_fernandez,2292568626957848,07/27,1978-05-29,M
Dustin Hurley,dustin_hurley,"4,39648860276995E+018",11/26,1992-03-03,M
Elizabeth Francis,elizabeth_francis,38597657395712,02/27,1990-07-12,F
Elizabeth Smith MD,elizabeth_smith_md,30553685897532,05/21,1992-10-01,F
Ellen Howe,ellen_howe,343034397734893,09/30,1985-11-05,F
Emily King,emily_king,2233158763812279,11/22,1970-11-27,F
Emily Long,emily_long,6011100680570555,09/28,1998-06-25,F
Emily Sullivan,emily_sullivan,3522573483363106,05/23,1975-04-06,F
Emily Wilcox,emily_wilcox,342092388161626,12/23,1975-09-28,F
Erica Crane,erica_crane,2717163939366965,01/24,1985-08-10,F
Erica Odonnell,erica_odonnell,676256301596,05/26,1986-04-15,F
Erica Roberson,erica_roberson,"4,07170809619062E+018",12/25,1991-05-31,F
Evan Tucker,evan_tucker,3574937186646280,06/24,1998-04-23,M
Gerald Harrington,gerald_harrington,4563840891573537,07/24,1990-02-16,M
Hannah Allen,hannah_allen,6011949098791397,10/27,1991-07-14,F
Harold Riggs,harold_riggs,4245091458267222,08/24,1996-03-05,M
Holly Shields,holly_shields,344480992055185,11/21,1975-08-30,F
Jacqueline Olsen,jacqueline_olsen,6530786947075743,10/27,1987-12-11,F
James Armstrong,james_armstrong,4185264522397315,12/24,1971-09-07,M
James Carr,james_carr,6011172426689379,04/21,1997-12-05,M
James Johnson PhD,james_johnson_phd,573298023074,03/25,1998-09-01,M
James Wilson IV,james_wilson_iv,4722457999827703,05/28,2000-05-24,M
Janet Fitzpatrick,janet_fitzpatrick,4934596337499,07/30,1979-01-03,F
Jason Davenport,jason_davenport,4139343064955883,09/22,1998-07-20,M
Jason Ferguson,jason_ferguson,4065442166111,08/22,1970-07-16,M
Jason Robertson,jason_robertson,3542948625310106,07/24,1996-10-16,M
Jason Saunders,jason_saunders,4414216661103683,10/21,1995-11-12,M
Jeff Williams,jeff_williams,377302888306276,08/28,1976-11-21,M
Jeffrey Clark,jeffrey_clark,2539776150142033,08/24,1995-08-13,M
Jeffrey Thomas,jeffrey_thomas,581973095507,06/26,2000-06-23,M
Jennifer Ortiz,jennifer_ortiz,30237408568683,11/30,1986-12-02,F
Jennifer Taylor,jennifer_taylor,180010563455246,01/29,1984-03-11,F
Jennifer Thompson,jennifer_thompson,4553766977076909,12/26,1994-03-19,F
Jennifer Warner,jennifer_warner,5246129402500318,10/21,2002-05-07,F
Jermaine Owen,jermaine_owen,565672637651,06/30,1981-08-10,M
Jerry Nguyen,jerry_nguyen,3580485400106832,05/29,1992-09-02,M
Joan Mercado,joan_mercado,4959025541015,05/29,1993-11-18,F
Joan Rivera,joan_rivera,"4,65333374572633E+018",05/24,1965-08-05,F
John Farmer,john_farmer,2267453530923502,01/26,1991-01-28,M
John Palmer,john_palmer,3572179413659198,10/23,1983-11-05,M
John Thompson,john_thompson,30176184808949,12/23,1991-07-13,M
John Wilson,john_wilson,4928706650064,06/29,1973-04-12,M
Jonathon Schmitt,jonathon_schmitt,5101991425207609,12/26,1974-07-23,M
Jose Carter,jose_carter,6511545580421017,11/27,2001-07-22,M
Joseph Butler,joseph_butler,4481735898026001,10/25,1975-05-16,M
Joshua Coleman,joshua_coleman,4594046279893819,02/21,1984-04-23,M
Joshua Cox,joshua_cox,"4,98725363266811E+018",06/30,1970-06-04,M
Joshua Moore,joshua_moore,377702558332157,06/26,1984-07-11,M
Joy Johnson,joy_johnson,"4,47081502730895E+018",08/22,1978-02-10,F
Julia Peters,julia_peters,346411994648915,05/25,1981-11-09,F
Justin Fields,justin_fields,3551688391979050,09/24,1987-03-12,M
Karen Griffin,karen_griffin,6574795991077247,10/29,1975-02-01,F
Karen Hall,karen_hall,2487170650120321,05/30,1995-12-12,F
Karen Johnson,karen_johnson,3592041861919795,06/24,2000-03-09,F
Karen Odonnell,karen_odonnell,3504306299360061,05/30,2002-05-10,F
Karina Cummings,karina_cummings,30322764577542,08/29,1996-06-28,F
Kathleen Gaines,kathleen_gaines,180003599977697,06/30,1996-10-29,F
Kayla Perez,kayla_perez,6011137637781026,08/28,1978-12-21,F
Keith Montoya,keith_montoya,503881014941,02/27,1998-10-11,M
Kelli Hunter,kelli_hunter,180095167959123,04/27,1973-11-06,F
Kelly Parker,kelly_parker,3573085713847079,06/25,1982-06-08,F
Kelsey Martin,kelsey_martin,4862577128811,11/29,1998-09-02,F
Kenneth Butler,kenneth_butler,213188868499894,01/28,1998-11-03,M
Kenneth Roach,kenneth_roach,502055908011,11/27,1980-06-23,M
Kimberly Brown,kimberly_brown,"4,07593675808657E+018",04/28,1998-05-18,F
Krista Brown,krista_brown,4316386484949536,04/21,1967-04-10,F
Kristina Collins,kristina_collins,4994534206055475,09/30,1981-07-12,F
Kurt Acevedo,kurt_acevedo,4794616151773087,06/26,1992-04-24,M
Kyle Gray,kyle_gray,6011650393195033,03/23,1987-05-04,M
Kyle Hill,kyle_hill,3543265518632721,11/26,1974-04-08,M
Larry Peterson,larry_peterson,2710181233816995,02/23,2000-04-21,M
Lauren White,lauren_white,180064953142765,09/24,1987-09-30,F
Lisa Drake,lisa_drake,3558214849249732,02/26,2000-03-26,F
Luis Bradley,luis_bradley,4531224946400,07/27,1999-06-22,M
Marcus Mcdonald,marcus_mcdonald,676160537376,02/27,1991-04-02,M
Maria Mason,maria_mason,345480177114590,12/28,1998-10-27,F
Mary Edwards,mary_edwards,4316747832928227,08/23,1966-01-08,F
Melinda Lewis PhD,melinda_lewis_phd,639061421231,10/26,1971-01-13,F
Melissa Caldwell,melissa_caldwell,5378055937629688,02/22,1999-11-22,F
Melvin Patel,melvin_patel,4275586469912,05/22,2001-08-02,M
Michael Jackson,michael_jackson,3589563363169681,09/24,1973-03-31,M
Michael Jenkins,michael_jenkins,"4,43251233662405E+018",01/27,1998-01-15,M
Michael Lee,michael_lee,3589275473306273,08/24,2001-03-12,M
Michael Martinez,michael_martinez,4685699642108,01/22,1993-10-09,M
Michael Murray,michael_murray,2234075396709137,05/22,1997-06-02,M
Michael Schneider,michael_schneider,6011079841194283,04/21,1974-06-12,M
Michael Watkins,michael_watkins,"4,66920590655277E+018",12/26,1973-01-24,M
Michelle Davis,michelle_davis,213196967461822,06/23,1991-02-27,F
Michelle Hahn,michelle_hahn,3506552643318697,10/22,1970-12-14,F
Miranda Gonzalez,miranda_gonzalez,2390164580025623,01/22,1969-05-10,F
Morgan Gutierrez,morgan_gutierrez,"4,93175822408585E+018",01/30,2001-09-23,F
Nancy Green,nancy_green,"4,64722680994625E+018",12/24,1973-10-26,F
Nancy Martin,nancy_martin,3572877250710723,08/29,1975-05-06,F
Nancy Robertson,nancy_robertson,3545754261762528,04/29,2000-02-25,F
Nathan Garcia,nathan_garcia,341385367290056,02/21,1982-02-16,M
Nicholas Stewart,nicholas_stewart,3562307528301834,07/25,1972-07-04,M
Nichole Dawson,nichole_dawson,4275552225421,12/21,1966-05-24,F
Nicole Davis,nicole_davis,4475827451063,07/23,1974-12-05,F
Pamela Sims,pamela_sims,343086343441742,04/27,1991-11-25,F
Patrick Beck,patrick_beck,"4,6955365514688E+018",02/25,1991-08-14,M
Patrick Lewis,patrick_lewis,4104496254553446,10/30,1970-08-31,M
Patrick Wilson,patrick_wilson,3577208838494082,11/30,1983-09-29,M
Paul Bates,paul_bates,344684977959077,12/21,2000-07-17,M
Paul Palmer,paul_palmer,2709221919931461,08/28,1976-04-25,M
Paula Macias,paula_macias,4079122779007780,09/21,1997-07-25,F
Paula Rodriguez,paula_rodriguez,4298667587543975,05/28,1976-06-10,F
Rachel Dixon,rachel_dixon,3539232050655227,04/30,1980-10-06,F
Raymond Hogan,raymond_hogan,372356982403731,04/25,1999-11-12,M
Richard Adams,richard_adams,4752821018019746,04/25,1998-07-07,M
Robert Smith,robert_smith,213172555299213,05/25,1974-02-14,M
Rose Bell,rose_bell,3536167580908600,11/25,1979-01-25,F
Samantha Adams,samantha_adams,2274939932249224,11/30,1979-04-28,F
Samuel Long,samuel_long,"4,6543438634884E+018",12/27,1984-04-16,M
Sandra Anderson,sandra_anderson,30150120750796,06/24,1978-02-22,F
Sarah Duarte,sarah_duarte,180054778201110,12/28,2001-10-12,F
Sarah Pittman,sarah_pittman,3565567474839718,01/29,1969-03-12,F
Sean Ritter,sean_ritter,4585185429286499,08/22,1973-08-19,M
Shawn Foster,shawn_foster,180053078857308,01/24,1982-05-25,M
Shawn Odonnell,shawn_odonnell,342136286730139,02/24,2001-06-25,M
Shelby Taylor,shelby_taylor,3549334102154601,12/30,1966-12-29,F
Shelia Garza,shelia_garza,4866353265085,09/24,1983-12-31,F
Sierra Hart,sierra_hart,4536972156268,01/29,1969-09-20,F
Stacey Dean,stacey_dean,3506910950576549,08/29,1969-09-08,F
Stacey Payne,stacey_payne,30228220056171,09/29,1970-06-12,F
Stacy Rogers,stacy_rogers,4806017611253933,08/26,1997-10-14,F
Stephanie Boone,stephanie_boone,"4,34649034146305E+018",02/23,1972-04-14,F
Stephanie Calhoun,stephanie_calhoun,4891495150011,03/27,1994-03-19,F
Stephanie Khan,stephanie_khan,"4,62660336577217E+018",11/23,1992-12-28,F
Stephanie Tran,stephanie_tran,180023785883061,03/30,1983-12-10,F
Steven Black,steven_black,213195815374708,12/25,2000-07-16,M
Steven Sanchez PhD,steven_sanchez_phd,3535202948479068,09/24,2002-04-21,M
Steven Sanders,steven_sanders,6011757677738832,07/28,1994-07-03,M
Susan Davis,susan_davis,4308864755093853,08/21,1973-02-03,F
Susan Sanchez,susan_sanchez,2294284499210863,01/29,1978-07-05,F
Terry Sloan,terry_sloan,"4,65131308676128E+018",12/29,1982-06-24,M
Thomas Hatfield,thomas_hatfield,3590883809250557,08/27,1994-03-27,M
Thomas Ramos,thomas_ramos,6011276664881133,10/27,1981-04-29,M
Timothy Edwards,timothy_edwards,180075818387585,11/30,1981-07-21,M
Tina Bradley,tina_bradley,4773212079949,10/22,1992-01-20,F
Tony Taylor,tony_taylor,4414826967619479,05/22,2002-11-02,M
Tonya Hernandez,tonya_hernandez,4958642791276,08/26,1971-02-16,F
Veronica Roberts,veronica_roberts,180064285117410,07/21,1991-02-15,F
Victoria Graham,victoria_graham,3575101433896839,02/30,2000-01-01,F
Vincent Campbell,vincent_campbell,676385666992,07/29,1970-12-09,M
Vincent Fuller,vincent_fuller,502047669937,12/24,1992-08-17,M
Wendy Gonzalez,wendy_gonzalez,36368680903498,09/24,1999-04-21,F
William Adams,william_adams,"4,54732194769782E+018",09/21,1997-04-22,M
William Little,william_little,3580105365707941,12/24,1984-09-15,M
William Mendez,william_mendez,4226967447985,10/24,1983-05-25,M
Zachary Fleming,zachary_fleming,4762496297236,12/30,1997-01-16,M
